uid,pclass,survived,sex,age,sibsp,parch,fare,embarked,pclass,survived,sex,age,sibsp,parch,fare
1,Upper,No,male,61,0,0,32.3208,S,Upper,No,male,61,0,0,32.3208
2,Lower,No,male,42,0,0,7.65,S,Lower,No,male,42,0,0,7.65
4,Lower,No,female,39,1,5,31.275,S,Lower,No,female,39,1,5,31.275
7,Upper,Yes,female,49,0,0,25.9292,S,Upper,Yes,female,49,0,0,25.9292
8,Middle,No,male,29,0,0,10.5,S,Middle,No,male,29,0,0,10.5
9,Upper,Yes,male,37,1,1,52.5542,S,Upper,Yes,male,37,1,1,52.5542
10,Middle,Yes,female,20,0,0,36.75,S,Middle,Yes,female,20,0,0,36.75
11,Upper,No,male,54,0,1,77.2875,S,Upper,No,male,54,0,1,77.2875
13,Lower,No,male,2,4,1,39.6875,S,Lower,No,male,2,4,1,39.6875
14,Lower,No,male,22.5,0,0,7.225,C,Lower,No,male,22.5,0,0,7.225
15,Lower,No,male,22,0,0,7.5208,S,Lower,No,male,22,0,0,7.5208
17,Middle,No,male,60,1,1,39,S,Middle,No,male,60,1,1,39
18,Lower,Yes,female,26,1,1,22.025,S,Lower,Yes,female,26,1,1,22.025
19,Lower,Yes,female,15,0,0,8.0292,Q,Lower,Yes,female,15,0,0,8.0292
22,Upper,No,male,27,0,2,211.5,C,Upper,No,male,27,0,2,211.5
24,Lower,No,female,31,0,0,7.8542,S,Lower,No,female,31,0,0,7.8542
25,Upper,Yes,female,60,1,4,263,S,Upper,Yes,female,60,1,4,263
27,Upper,Yes,female,19,1,0,91.0792,C,Upper,Yes,female,19,1,0,91.0792
28,Lower,No,male,70.5,0,0,7.75,Q,Lower,No,male,70.5,0,0,7.75
29,Lower,No,female,18,1,0,17.8,S,Lower,No,female,18,1,0,17.8
30,Lower,Yes,female,1,1,1,16.7,S,Lower,Yes,female,1,1,1,16.7
31,Lower,No,male,14,5,2,46.9,S,Lower,No,male,14,5,2,46.9
32,Lower,Yes,female,16,1,1,8.5167,C,Lower,Yes,female,16,1,1,8.5167
35,Upper,Yes,female,23,1,0,82.2667,S,Upper,Yes,female,23,1,0,82.2667
36,Lower,Yes,male,20,0,0,7.925,S,Lower,Yes,male,20,0,0,7.925
37,Middle,Yes,male,2,1,1,26,S,Middle,Yes,male,2,1,1,26
39,Middle,Yes,male,8,0,2,32.5,S,Middle,Yes,male,8,0,2,32.5
41,Upper,Yes,male,24,1,0,82.2667,S,Upper,Yes,male,24,1,0,82.2667
42,Lower,No,male,37,2,0,7.925,S,Lower,No,male,37,2,0,7.925
43,Upper,Yes,female,22,0,1,59.4,C,Upper,Yes,female,22,0,1,59.4
44,Middle,No,male,59,0,0,13.5,S,Middle,No,male,59,0,0,13.5
45,Upper,No,male,28,0,0,47.1,S,Upper,No,male,28,0,0,47.1
46,Middle,No,female,29,1,0,26,S,Middle,No,female,29,1,0,26
47,Upper,No,male,24,0,0,79.2,C,Upper,No,male,24,0,0,79.2
48,Lower,No,male,13,0,2,20.25,S,Lower,No,male,13,0,2,20.25
49,Lower,Yes,male,21,0,0,7.775,S,Lower,Yes,male,21,0,0,7.775
50,Upper,Yes,male,60,1,1,79.2,C,Upper,Yes,male,60,1,1,79.2
51,Middle,No,male,28,0,0,13.5,S,Middle,No,male,28,0,0,13.5
52,Upper,Yes,female,24,0,0,69.3,C,Upper,Yes,female,24,0,0,69.3
53,Lower,No,female,22,0,0,39.6875,S,Lower,No,female,22,0,0,39.6875
54,Lower,No,female,39,0,5,29.125,Q,Lower,No,female,39,0,5,29.125
55,Lower,No,male,22,0,0,8.05,S,Lower,No,male,22,0,0,8.05
56,Lower,No,male,25,0,0,7.65,S,Lower,No,male,25,0,0,7.65
57,Lower,No,female,38,4,2,7.775,S,Lower,No,female,38,4,2,7.775
58,Lower,No,male,31,3,0,18,S,Lower,No,male,31,3,0,18
59,Middle,No,male,33,0,0,12.275,S,Middle,No,male,33,0,0,12.275
61,Lower,No,male,38,0,0,7.8958,S,Lower,No,male,38,0,0,7.8958
63,Lower,No,male,36,0,0,7.8958,S,Lower,No,male,36,0,0,7.8958
64,Upper,Yes,female,24,0,0,49.5042,C,Upper,Yes,female,24,0,0,49.5042
67,Upper,Yes,female,33,0,0,86.5,S,Upper,Yes,female,33,0,0,86.5
69,Lower,No,female,36,0,2,12.1833,S,Lower,No,female,36,0,2,12.1833
70,Lower,No,male,40,0,0,7.225,C,Lower,No,male,40,0,0,7.225
72,Lower,No,male,34,0,0,8.05,S,Lower,No,male,34,0,0,8.05
73,Middle,No,male,26,0,0,13,S,Middle,No,male,26,0,0,13
74,Upper,Yes,female,52,1,1,93.5,S,Upper,Yes,female,52,1,1,93.5
76,Middle,No,female,18,1,1,13,S,Middle,No,female,18,1,1,13
77,Middle,No,male,23,0,0,10.5,S,Middle,No,male,23,0,0,10.5
78,Middle,Yes,male,30,0,0,12.7375,C,Middle,Yes,male,30,0,0,12.7375
79,Middle,No,male,36,0,0,13,S,Middle,No,male,36,0,0,13
80,Lower,No,male,29,0,0,8.05,S,Lower,No,male,29,0,0,8.05
82,Middle,Yes,male,24,0,0,10.5,S,Middle,Yes,male,24,0,0,10.5
83,Upper,Yes,male,42,0,0,26.2875,S,Upper,Yes,male,42,0,0,26.2875
84,Middle,Yes,male,20,0,0,13.8625,C,Middle,Yes,male,20,0,0,13.8625
86,Upper,Yes,male,28,0,0,35.5,S,Upper,Yes,male,28,0,0,35.5
88,Lower,No,male,30,0,0,7.8958,S,Lower,No,male,30,0,0,7.8958
89,Middle,No,male,26,0,0,13,S,Middle,No,male,26,0,0,13
91,Upper,No,male,23,0,0,93.5,S,Upper,No,male,23,0,0,93.5
92,Middle,No,male,40,0,0,13,S,Middle,No,male,40,0,0,13
93,Lower,No,female,2,4,2,31.275,S,Lower,No,female,2,4,2,31.275
94,Middle,Yes,female,24,1,2,65,S,Middle,Yes,female,24,1,2,65
95,Lower,No,male,51,0,0,7.75,S,Lower,No,male,51,0,0,7.75
96,Middle,Yes,female,22,1,1,29,S,Middle,Yes,female,22,1,1,29
97,Upper,No,male,47,1,0,227.525,C,Upper,No,male,47,1,0,227.525
98,Upper,Yes,male,35,0,0,26.2875,S,Upper,Yes,male,35,0,0,26.2875
100,Lower,No,male,45,0,0,6.975,S,Lower,No,male,45,0,0,6.975
102,Lower,No,female,45,1,4,27.9,S,Lower,No,female,45,1,4,27.9
103,Lower,No,male,21,0,0,7.8958,S,Lower,No,male,21,0,0,7.8958
104,Middle,Yes,female,28,1,0,26,S,Middle,Yes,female,28,1,0,26
105,Middle,Yes,female,34,0,0,10.5,S,Middle,Yes,female,34,0,0,10.5
106,Middle,No,male,42,1,0,27,S,Middle,No,male,42,1,0,27
108,Lower,Yes,male,21,0,0,7.8208,Q,Lower,Yes,male,21,0,0,7.8208
109,Lower,No,male,40,0,0,7.8958,S,Lower,No,male,40,0,0,7.8958
112,Upper,No,male,49,0,0,26,S,Upper,No,male,49,0,0,26
114,Middle,Yes,female,45,1,1,26.25,S,Middle,Yes,female,45,1,1,26.25
115,Lower,Yes,male,27,0,0,6.975,S,Lower,Yes,male,27,0,0,6.975
116,Lower,Yes,female,18,0,0,8.05,S,Lower,Yes,female,18,0,0,8.05
118,Lower,Yes,female,22,0,0,7.75,S,Lower,Yes,female,22,0,0,7.75
119,Middle,Yes,female,27,1,0,13.8583,C,Middle,Yes,female,27,1,0,13.8583
120,Lower,No,female,45,0,1,14.4542,C,Lower,No,female,45,0,1,14.4542
121,Middle,No,male,22,2,0,31.5,S,Middle,No,male,22,2,0,31.5
122,Middle,Yes,female,28,0,0,12.65,S,Middle,Yes,female,28,0,0,12.65
123,Middle,No,male,51,0,0,12.525,S,Middle,No,male,51,0,0,12.525
124,Lower,No,male,26,0,0,7.8958,S,Lower,No,male,26,0,0,7.8958
125,Middle,Yes,female,6,0,1,33,S,Middle,Yes,female,6,0,1,33
126,Lower,Yes,male,45,0,0,8.05,S,Lower,Yes,male,45,0,0,8.05
127,Middle,No,male,47,0,0,10.5,S,Middle,No,male,47,0,0,10.5
128,Upper,Yes,female,26,0,0,78.85,S,Upper,Yes,female,26,0,0,78.85
129,Lower,No,female,25,1,0,7.925,S,Lower,No,female,25,1,0,7.925
130,Lower,No,male,38.5,0,0,7.25,S,Lower,No,male,38.5,0,0,7.25
131,Middle,Yes,female,19,0,0,13,S,Middle,Yes,female,19,0,0,13
132,Lower,No,male,16,4,1,39.6875,S,Lower,No,male,16,4,1,39.6875
134,Lower,No,male,41,0,0,7.125,S,Lower,No,male,41,0,0,7.125
135,Lower,No,female,31,1,0,18,S,Lower,No,female,31,1,0,18
136,Middle,No,male,25,0,0,10.5,S,Middle,No,male,25,0,0,10.5
137,Lower,No,male,36,0,0,7.4958,S,Lower,No,male,36,0,0,7.4958
138,Lower,No,male,33,0,0,9.5,S,Lower,No,male,33,0,0,9.5
139,Lower,No,female,20,0,0,7.8542,S,Lower,No,female,20,0,0,7.8542
140,Lower,No,male,28.5,0,0,16.1,S,Lower,No,male,28.5,0,0,16.1
141,Middle,Yes,female,42,0,0,13,S,Middle,Yes,female,42,0,0,13
142,Middle,No,male,28,0,0,10.5,S,Middle,No,male,28,0,0,10.5
143,Upper,No,male,42,0,0,42.5,S,Upper,No,male,42,0,0,42.5
144,Lower,Yes,female,30,0,0,12.475,S,Lower,Yes,female,30,0,0,12.475
145,Upper,No,male,47,0,0,38.5,S,Upper,No,male,47,0,0,38.5
146,Lower,No,female,8,3,1,21.075,S,Lower,No,female,8,3,1,21.075
147,Lower,No,male,39,0,2,7.2292,C,Lower,No,male,39,0,2,7.2292
148,Middle,Yes,female,24,1,2,65,S,Middle,Yes,female,24,1,2,65
149,Lower,No,male,16,0,0,8.05,S,Lower,No,male,16,0,0,8.05
150,Lower,No,female,9,4,2,31.275,S,Lower,No,female,9,4,2,31.275
151,Upper,Yes,female,30,0,0,86.5,S,Upper,Yes,female,30,0,0,86.5
152,Middle,Yes,male,0.8333,1,1,18.75,S,Middle,Yes,male,0.8333,1,1,18.75
154,Upper,Yes,female,24,0,0,83.1583,C,Upper,Yes,female,24,0,0,83.1583
159,Middle,No,male,30,0,0,13,S,Middle,No,male,30,0,0,13
160,Lower,No,female,9,3,2,27.9,S,Lower,No,female,9,3,2,27.9
161,Lower,No,male,21,0,0,7.7333,Q,Lower,No,male,21,0,0,7.7333
162,Lower,Yes,female,22,0,0,7.775,S,Lower,Yes,female,22,0,0,7.775
163,Upper,No,male,24,1,0,60,S,Upper,No,male,24,1,0,60
164,Lower,No,male,28,0,0,8.05,S,Lower,No,male,28,0,0,8.05
165,Upper,No,male,41,0,0,30.5,S,Upper,No,male,41,0,0,30.5
167,Middle,No,male,25,0,0,10.5,S,Middle,No,male,25,0,0,10.5
168,Middle,No,male,66,0,0,10.5,S,Middle,No,male,66,0,0,10.5
169,Middle,Yes,female,19,1,0,26,S,Middle,Yes,female,19,1,0,26
170,Lower,No,male,21,1,0,6.4958,S,Lower,No,male,21,1,0,6.4958
171,Lower,No,male,7,4,1,39.6875,S,Lower,No,male,7,4,1,39.6875
172,Lower,No,male,36,1,0,15.55,S,Lower,No,male,36,1,0,15.55
175,Upper,Yes,male,31,1,0,57,S,Upper,Yes,male,31,1,0,57
176,Lower,Yes,male,25,0,0,7.65,S,Lower,Yes,male,25,0,0,7.65
177,Upper,No,male,46,0,0,79.2,C,Upper,No,male,46,0,0,79.2
178,Lower,No,male,10,4,1,29.125,Q,Lower,No,male,10,4,1,29.125
179,Upper,Yes,female,35,1,0,52,S,Upper,Yes,female,35,1,0,52
181,Middle,No,male,54,1,0,26,S,Middle,No,male,54,1,0,26
182,Lower,Yes,male,32,0,0,8.05,S,Lower,Yes,male,32,0,0,8.05
183,Upper,No,female,36,0,0,31.6792,C,Upper,No,female,36,0,0,31.6792
184,Upper,Yes,male,36,0,0,26.3875,S,Upper,Yes,male,36,0,0,26.3875
186,Middle,No,male,31,1,1,37.0042,C,Middle,No,male,31,1,1,37.0042
187,Lower,No,male,30,0,0,8.05,S,Lower,No,male,30,0,0,8.05
188,Middle,No,male,34,0,0,13,S,Middle,No,male,34,0,0,13
190,Lower,No,male,39,1,5,31.275,S,Lower,No,male,39,1,5,31.275
192,Lower,Yes,male,32,0,0,56.4958,S,Lower,Yes,male,32,0,0,56.4958
193,Lower,No,male,40.5,0,0,7.75,Q,Lower,No,male,40.5,0,0,7.75
194,Upper,Yes,male,54,1,0,55.4417,C,Upper,Yes,male,54,1,0,55.4417
195,Upper,Yes,female,33,1,0,53.1,S,Upper,Yes,female,33,1,0,53.1
196,Upper,Yes,female,53,2,0,51.4792,S,Upper,Yes,female,53,2,0,51.4792
197,Lower,No,male,33,0,0,8.6542,S,Lower,No,male,33,0,0,8.6542
198,Upper,No,male,55,1,0,59.4,C,Upper,No,male,55,1,0,59.4
199,Lower,No,male,25,0,0,7.225,C,Lower,No,male,25,0,0,7.225
200,Lower,No,male,40.5,0,2,14.5,S,Lower,No,male,40.5,0,2,14.5
201,Lower,No,female,3,1,1,13.775,S,Lower,No,female,3,1,1,13.775
202,Upper,Yes,male,48,1,0,52,S,Upper,Yes,male,48,1,0,52
203,Upper,Yes,female,24,0,0,69.3,C,Upper,Yes,female,24,0,0,69.3
204,Middle,No,male,36,0,0,10.5,S,Middle,No,male,36,0,0,10.5
206,Middle,Yes,male,26,1,1,29,S,Middle,Yes,male,26,1,1,29
207,Lower,No,male,23,0,0,7.05,S,Lower,No,male,23,0,0,7.05
208,Middle,Yes,female,30,1,0,13.8583,C,Middle,Yes,female,30,1,0,13.8583
209,Upper,Yes,female,39,1,1,83.1583,C,Upper,Yes,female,39,1,1,83.1583
210,Upper,No,male,24,0,1,247.5208,C,Upper,No,male,24,0,1,247.5208
211,Lower,No,male,17,0,0,7.125,S,Lower,No,male,17,0,0,7.125
212,Lower,No,male,30,0,0,8.05,S,Lower,No,male,30,0,0,8.05
213,Middle,No,male,49,1,2,65,S,Middle,No,male,49,1,2,65
214,Lower,Yes,female,29,0,2,15.2458,C,Lower,Yes,female,29,0,2,15.2458
215,Lower,No,male,30,0,0,7.2292,C,Lower,No,male,30,0,0,7.2292
217,Lower,No,male,22,0,0,7.125,S,Lower,No,male,22,0,0,7.125
218,Upper,Yes,female,18,1,0,60,S,Upper,Yes,female,18,1,0,60
219,Lower,No,male,22,0,0,7.2292,C,Lower,No,male,22,0,0,7.2292
222,Upper,No,male,54,0,0,51.8625,S,Upper,No,male,54,0,0,51.8625
223,Lower,Yes,female,19,0,0,7.8792,Q,Lower,Yes,female,19,0,0,7.8792
225,Middle,No,male,54,0,0,14,S,Middle,No,male,54,0,0,14
226,Lower,Yes,male,24,0,0,7.1417,S,Lower,Yes,male,24,0,0,7.1417
229,Upper,Yes,female,42,0,0,227.525,C,Upper,Yes,female,42,0,0,227.525
230,Lower,No,male,24,0,0,9.325,S,Lower,No,male,24,0,0,9.325
231,Lower,No,male,25,1,0,17.8,S,Lower,No,male,25,1,0,17.8
232,Lower,Yes,female,35,1,1,20.25,S,Lower,Yes,female,35,1,1,20.25
233,Lower,Yes,female,24,1,0,15.85,S,Lower,Yes,female,24,1,0,15.85
234,Upper,Yes,female,17,1,0,57,S,Upper,Yes,female,17,1,0,57
236,Middle,No,male,24,0,0,13.5,S,Middle,No,male,24,0,0,13.5
237,Upper,No,male,55,0,0,30.5,S,Upper,No,male,55,0,0,30.5
238,Middle,Yes,female,54,1,3,23,S,Middle,Yes,female,54,1,3,23
239,Upper,No,male,48,0,0,50.4958,C,Upper,No,male,48,0,0,50.4958
240,Middle,Yes,female,40,0,0,13,S,Middle,Yes,female,40,0,0,13
241,Middle,Yes,male,3,1,1,26,S,Middle,Yes,male,3,1,1,26
242,Middle,No,male,23,0,0,10.5,S,Middle,No,male,23,0,0,10.5
243,Lower,No,male,11,5,2,46.9,S,Lower,No,male,11,5,2,46.9
244,Middle,Yes,female,36,1,0,26,S,Middle,Yes,female,36,1,0,26
245,Lower,No,female,35,0,0,7.75,Q,Lower,No,female,35,0,0,7.75
247,Middle,Yes,female,22,0,0,10.5,S,Middle,Yes,female,22,0,0,10.5
248,Upper,No,female,2,1,2,151.55,S,Upper,No,female,2,1,2,151.55
249,Lower,No,female,37,0,0,9.5875,S,Lower,No,female,37,0,0,9.5875
250,Lower,No,female,14.5,1,0,14.4542,C,Lower,No,female,14.5,1,0,14.4542
251,Middle,Yes,female,25,0,1,26,S,Middle,Yes,female,25,0,1,26
252,Lower,No,female,23,0,0,7.925,S,Lower,No,female,23,0,0,7.925
253,Lower,No,male,10,3,2,27.9,S,Lower,No,male,10,3,2,27.9
254,Lower,No,male,35,0,0,8.05,S,Lower,No,male,35,0,0,8.05
255,Upper,Yes,female,35,1,0,57.75,C,Upper,Yes,female,35,1,0,57.75
256,Lower,Yes,male,31,0,0,7.925,S,Lower,Yes,male,31,0,0,7.925
258,Lower,No,male,20,0,0,4.0125,C,Lower,No,male,20,0,0,4.0125
259,Upper,Yes,female,39,1,1,79.65,S,Upper,Yes,female,39,1,1,79.65
260,Middle,No,male,36,0,0,13,S,Middle,No,male,36,0,0,13
261,Middle,Yes,female,5,1,2,27.75,S,Middle,Yes,female,5,1,2,27.75
262,Lower,No,male,32.5,0,0,9.5,S,Lower,No,male,32.5,0,0,9.5
264,Middle,No,male,30,0,0,13,S,Middle,No,male,30,0,0,13
265,Upper,No,male,47,0,0,34.0208,S,Upper,No,male,47,0,0,34.0208
266,Lower,No,male,22,0,0,7.25,S,Lower,No,male,22,0,0,7.25
267,Lower,No,male,32,0,0,7.925,S,Lower,No,male,32,0,0,7.925
269,Upper,Yes,female,18,1,0,53.1,S,Upper,Yes,female,18,1,0,53.1
270,Upper,No,male,55,1,1,93.5,S,Upper,No,male,55,1,1,93.5
271,Lower,Yes,male,24,0,0,7.55,S,Lower,Yes,male,24,0,0,7.55
273,Lower,No,male,21,0,0,7.8542,S,Lower,No,male,21,0,0,7.8542
274,Middle,Yes,female,42,1,0,26,S,Middle,Yes,female,42,1,0,26
275,Lower,No,male,29,0,0,9.4833,S,Lower,No,male,29,0,0,9.4833
276,Upper,Yes,female,40,1,1,134.5,C,Upper,Yes,female,40,1,1,134.5
277,Upper,Yes,male,26,0,0,30,C,Upper,Yes,male,26,0,0,30
279,Lower,No,male,34.5,0,0,7.8292,Q,Lower,No,male,34.5,0,0,7.8292
280,Lower,Yes,female,26,0,0,7.925,S,Lower,Yes,female,26,0,0,7.925
282,Upper,Yes,female,48,1,1,79.2,C,Upper,Yes,female,48,1,1,79.2
283,Middle,Yes,female,8,1,1,26,S,Middle,Yes,female,8,1,1,26
284,Upper,No,male,46,0,0,79.2,C,Upper,No,male,46,0,0,79.2
286,Middle,No,male,23,0,0,13,S,Middle,No,male,23,0,0,13
287,Lower,Yes,female,22,1,0,13.9,S,Lower,Yes,female,22,1,0,13.9
288,Upper,No,male,55,0,0,50,S,Upper,No,male,55,0,0,50
290,Lower,No,male,31,0,0,7.775,S,Lower,No,male,31,0,0,7.775
291,Upper,No,male,17,0,0,47.1,S,Upper,No,male,17,0,0,47.1
292,Lower,No,female,30,1,0,15.55,S,Lower,No,female,30,1,0,15.55
293,Upper,No,male,45,0,0,35.5,S,Upper,No,male,45,0,0,35.5
296,Lower,Yes,female,36,1,0,17.4,S,Lower,Yes,female,36,1,0,17.4
297,Lower,No,female,3,3,1,21.075,S,Lower,No,female,3,3,1,21.075
298,Middle,Yes,male,29,0,0,13.8583,C,Middle,Yes,male,29,0,0,13.8583
300,Lower,No,female,30.5,0,0,7.75,Q,Lower,No,female,30.5,0,0,7.75
301,Middle,No,male,30,0,0,13,S,Middle,No,male,30,0,0,13
302,Middle,No,male,57,0,0,13,S,Middle,No,male,57,0,0,13
303,Lower,No,male,19,0,0,7.65,S,Lower,No,male,19,0,0,7.65
304,Middle,Yes,female,40,0,0,15.75,S,Middle,Yes,female,40,0,0,15.75
305,Lower,Yes,female,16,0,0,7.75,Q,Lower,Yes,female,16,0,0,7.75
306,Upper,Yes,female,18,0,2,79.65,S,Upper,Yes,female,18,0,2,79.65
307,Upper,No,male,33,0,0,26.55,S,Upper,No,male,33,0,0,26.55
308,Upper,Yes,male,27,0,0,76.7292,C,Upper,Yes,male,27,0,0,76.7292
309,Upper,Yes,female,30,0,0,164.8667,S,Upper,Yes,female,30,0,0,164.8667
310,Middle,No,male,42,1,1,32.5,S,Middle,No,male,42,1,1,32.5
312,Upper,No,male,71,0,0,34.6542,C,Upper,No,male,71,0,0,34.6542
313,Middle,Yes,female,14,1,0,30.0708,C,Middle,Yes,female,14,1,0,30.0708
315,Middle,Yes,female,45,0,0,13.5,S,Middle,Yes,female,45,0,0,13.5
319,Upper,Yes,female,29,0,0,221.7792,S,Upper,Yes,female,29,0,0,221.7792
321,Middle,Yes,female,36,0,0,13,S,Middle,Yes,female,36,0,0,13
322,Upper,Yes,male,34,0,0,26.55,S,Upper,Yes,male,34,0,0,26.55
323,Middle,No,male,70,0,0,10.5,S,Middle,No,male,70,0,0,10.5
324,Middle,Yes,female,23,0,0,13.7917,C,Middle,Yes,female,23,0,0,13.7917
326,Lower,No,female,26,0,2,13.775,S,Lower,No,female,26,0,2,13.775
328,Lower,No,male,21,0,0,7.75,Q,Lower,No,male,21,0,0,7.75
329,Middle,No,male,24,0,0,13,S,Middle,No,male,24,0,0,13
330,Middle,No,male,23,0,0,13,S,Middle,No,male,23,0,0,13
331,Lower,No,male,35,0,0,7.05,S,Lower,No,male,35,0,0,7.05
332,Middle,No,female,38,0,0,13,S,Middle,No,female,38,0,0,13
333,Lower,No,male,1,5,2,46.9,S,Lower,No,male,1,5,2,46.9
334,Middle,Yes,male,22,0,0,10.5,S,Middle,Yes,male,22,0,0,10.5
337,Lower,No,male,25,0,0,7.8958,S,Lower,No,male,25,0,0,7.8958
338,Lower,No,male,9,5,2,46.9,S,Lower,No,male,9,5,2,46.9
339,Lower,Yes,female,22,1,1,12.2875,S,Lower,Yes,female,22,1,1,12.2875
340,Middle,No,male,23,2,1,11.5,S,Middle,No,male,23,2,1,11.5
342,Upper,No,male,31,1,0,52,S,Upper,No,male,31,1,0,52
343,Lower,No,male,24,2,0,24.15,S,Lower,No,male,24,2,0,24.15
344,Lower,Yes,male,14,0,0,9.225,S,Lower,Yes,male,14,0,0,9.225
346,Lower,Yes,female,18,0,0,7.775,S,Lower,Yes,female,18,0,0,7.775
347,Lower,No,female,28,0,0,7.8958,S,Lower,No,female,28,0,0,7.8958
348,Lower,No,male,29,0,0,7.775,S,Lower,No,male,29,0,0,7.775
349,Middle,Yes,male,8,1,1,36.75,S,Middle,Yes,male,8,1,1,36.75
350,Lower,Yes,male,27,0,0,8.6625,S,Lower,Yes,male,27,0,0,8.6625
351,Lower,No,male,21,0,0,16.1,S,Lower,No,male,21,0,0,16.1
352,Lower,Yes,female,33,1,2,20.575,S,Lower,Yes,female,33,1,2,20.575
354,Lower,No,male,36,0,0,7.25,S,Lower,No,male,36,0,0,7.25
355,Lower,No,female,29,0,4,21.075,S,Lower,No,female,29,0,4,21.075
356,Lower,No,male,43,0,0,7.8958,S,Lower,No,male,43,0,0,7.8958
357,Upper,Yes,male,23,0,1,63.3583,C,Upper,Yes,male,23,0,1,63.3583
359,Lower,No,male,19,0,0,6.75,Q,Lower,No,male,19,0,0,6.75
360,Upper,Yes,female,50,0,1,247.5208,C,Upper,Yes,female,50,0,1,247.5208
361,Upper,Yes,female,64,0,2,83.1583,C,Upper,Yes,female,64,0,2,83.1583
364,Lower,No,male,36,0,0,9.5,S,Lower,No,male,36,0,0,9.5
365,Middle,No,female,26,1,1,26,S,Middle,No,female,26,1,1,26
366,Upper,No,male,56,0,0,26.55,S,Upper,No,male,56,0,0,26.55
367,Middle,No,male,46,0,0,26,S,Middle,No,male,46,0,0,26
368,Middle,Yes,male,3,1,1,18.75,S,Middle,Yes,male,3,1,1,18.75
369,Lower,No,male,45.5,0,0,7.225,C,Lower,No,male,45.5,0,0,7.225
370,Middle,Yes,male,42,0,0,13,S,Middle,Yes,male,42,0,0,13
371,Upper,Yes,male,36,0,1,512.3292,C,Upper,Yes,male,36,0,1,512.3292
372,Lower,Yes,female,15,0,0,7.225,C,Lower,Yes,female,15,0,0,7.225
373,Lower,No,male,0.3333,0,2,14.4,S,Lower,No,male,0.3333,0,2,14.4
374,Lower,Yes,female,38,1,5,31.3875,S,Lower,Yes,female,38,1,5,31.3875
375,Upper,Yes,male,42,1,0,52.5542,S,Upper,Yes,male,42,1,0,52.5542
376,Upper,No,male,46,0,0,75.2417,C,Upper,No,male,46,0,0,75.2417
377,Lower,No,female,10,0,2,24.15,S,Lower,No,female,10,0,2,24.15
378,Upper,No,male,31,0,0,50.4958,S,Upper,No,male,31,0,0,50.4958
379,Middle,No,male,18,0,0,73.5,S,Middle,No,male,18,0,0,73.5
380,Middle,No,male,30,0,0,13,S,Middle,No,male,30,0,0,13
381,Lower,No,female,18,0,1,14.4542,C,Lower,No,female,18,0,1,14.4542
382,Lower,No,male,42,0,0,7.55,S,Lower,No,male,42,0,0,7.55
383,Middle,Yes,female,48,0,2,36.75,S,Middle,Yes,female,48,0,2,36.75
386,Lower,No,male,26,0,0,7.775,S,Lower,No,male,26,0,0,7.775
387,Upper,Yes,male,53,1,1,81.8583,S,Upper,Yes,male,53,1,1,81.8583
389,Lower,No,male,26,2,0,8.6625,S,Lower,No,male,26,2,0,8.6625
391,Upper,Yes,female,35,0,0,512.3292,C,Upper,Yes,female,35,0,0,512.3292
393,Upper,No,male,49,1,1,110.8833,C,Upper,No,male,49,1,1,110.8833
394,Lower,No,male,21,0,0,7.925,S,Lower,No,male,21,0,0,7.925
395,Upper,Yes,female,35,1,0,90,S,Upper,Yes,female,35,1,0,90
396,Lower,No,male,21,0,0,7.925,S,Lower,No,male,21,0,0,7.925
397,Lower,No,female,47,1,0,14.5,S,Lower,No,female,47,1,0,14.5
398,Lower,No,male,47,0,0,9,S,Lower,No,male,47,0,0,9
399,Lower,Yes,male,36.5,1,0,17.4,S,Lower,Yes,male,36.5,1,0,17.4
400,Lower,No,male,40,1,6,46.9,S,Lower,No,male,40,1,6,46.9
402,Lower,No,male,20,0,0,8.05,S,Lower,No,male,20,0,0,8.05
403,Upper,No,female,25,1,2,151.55,S,Upper,No,female,25,1,2,151.55
404,Lower,No,male,20,0,0,7.05,S,Lower,No,male,20,0,0,7.05
407,Lower,Yes,female,5,0,0,12.475,S,Lower,Yes,female,5,0,0,12.475
408,Lower,Yes,male,32,0,0,56.4958,S,Lower,Yes,male,32,0,0,56.4958
410,Upper,No,male,41,1,0,51.8625,S,Upper,No,male,41,1,0,51.8625
411,Upper,No,male,51,0,1,61.3792,C,Upper,No,male,51,0,1,61.3792
412,Lower,No,male,18,0,0,8.6625,S,Lower,No,male,18,0,0,8.6625
413,Lower,No,female,23,0,0,8.6625,S,Lower,No,female,23,0,0,8.6625
414,Middle,No,male,43,1,1,26.25,S,Middle,No,male,43,1,1,26.25
415,Lower,Yes,male,39,0,0,7.925,S,Lower,Yes,male,39,0,0,7.925
416,Upper,No,male,65,0,1,61.9792,C,Upper,No,male,65,0,1,61.9792
418,Upper,Yes,female,58,0,0,26.55,S,Upper,Yes,female,58,0,0,26.55
419,Upper,Yes,male,27,1,0,53.1,S,Upper,Yes,male,27,1,0,53.1
420,Lower,No,male,24,0,0,7.4958,S,Lower,No,male,24,0,0,7.4958
422,Upper,No,male,32.5,0,0,211.5,C,Upper,No,male,32.5,0,0,211.5
426,Upper,No,male,44,2,0,90,Q,Upper,No,male,44,2,0,90
427,Lower,No,male,38,0,0,7.05,S,Lower,No,male,38,0,0,7.05
428,Middle,No,male,23,0,0,13,S,Middle,No,male,23,0,0,13
429,Lower,No,female,2,0,1,10.4625,S,Lower,No,female,2,0,1,10.4625
431,Upper,Yes,female,18,1,0,227.525,C,Upper,Yes,female,18,1,0,227.525
432,Upper,Yes,female,48,1,3,262.375,C,Upper,Yes,female,48,1,3,262.375
433,Lower,No,male,5,4,2,31.3875,S,Lower,No,male,5,4,2,31.3875
434,Lower,No,male,21,0,0,7.225,C,Lower,No,male,21,0,0,7.225
436,Middle,Yes,female,7,0,2,26.25,S,Middle,Yes,female,7,0,2,26.25
437,Upper,Yes,male,40,0,0,31,C,Upper,Yes,male,40,0,0,31
438,Middle,No,male,18,0,0,73.5,S,Middle,No,male,18,0,0,73.5
439,Middle,Yes,female,17,0,0,12,C,Middle,Yes,female,17,0,0,12
440,Middle,No,male,54,0,0,26,S,Middle,No,male,54,0,0,26
443,Lower,Yes,male,25,0,0,7.2292,C,Lower,Yes,male,25,0,0,7.2292
444,Upper,Yes,female,60,0,0,76.2917,C,Upper,Yes,female,60,0,0,76.2917
445,Middle,No,male,28,0,0,26,S,Middle,No,male,28,0,0,26
446,Upper,Yes,female,39,1,0,55.9,S,Upper,Yes,female,39,1,0,55.9
447,Lower,Yes,female,16,0,0,7.65,S,Lower,Yes,female,16,0,0,7.65
448,Lower,Yes,male,20,1,1,15.7417,C,Lower,Yes,male,20,1,1,15.7417
449,Lower,No,male,29,0,0,7.925,S,Lower,No,male,29,0,0,7.925
450,Lower,No,male,21,0,0,7.775,S,Lower,No,male,21,0,0,7.775
451,Middle,No,male,34,0,0,13,S,Middle,No,male,34,0,0,13
452,Middle,Yes,female,4,1,1,23,S,Middle,Yes,female,4,1,1,23
453,Upper,No,male,33,0,0,5,S,Upper,No,male,33,0,0,5
454,Lower,No,male,24,0,0,8.05,S,Lower,No,male,24,0,0,8.05
455,Upper,Yes,female,22,0,1,55,S,Upper,Yes,female,22,0,1,55
456,Middle,No,male,21,0,0,11.5,S,Middle,No,male,21,0,0,11.5
458,Lower,No,male,44,0,0,8.05,S,Lower,No,male,44,0,0,8.05
459,Upper,No,male,37,1,0,53.1,S,Upper,No,male,37,1,0,53.1
460,Lower,No,male,74,0,0,7.775,S,Lower,No,male,74,0,0,7.775
461,Lower,No,male,27,0,0,7.8958,S,Lower,No,male,27,0,0,7.8958
462,Upper,Yes,female,36,1,2,120,S,Upper,Yes,female,36,1,2,120
463,Lower,Yes,male,1,1,2,20.575,S,Lower,Yes,male,1,1,2,20.575
464,Middle,No,male,39,0,0,13,S,Middle,No,male,39,0,0,13
465,Lower,No,male,26,0,0,7.8958,S,Lower,No,male,26,0,0,7.8958
466,Lower,No,male,24,0,0,7.05,S,Lower,No,male,24,0,0,7.05
468,Middle,No,male,21,2,0,73.5,S,Middle,No,male,21,2,0,73.5
469,Middle,No,male,25,1,2,41.5792,C,Middle,No,male,25,1,2,41.5792
470,Upper,Yes,male,36,1,2,120,S,Upper,Yes,male,36,1,2,120
472,Lower,Yes,male,12,1,0,11.2417,C,Lower,Yes,male,12,1,0,11.2417
473,Upper,No,male,36,0,0,40.125,C,Upper,No,male,36,0,0,40.125
474,Upper,Yes,female,49,1,0,76.7292,C,Upper,Yes,female,49,1,0,76.7292
475,Middle,Yes,female,40,1,1,39,S,Middle,Yes,female,40,1,1,39
476,Middle,Yes,female,0.9167,1,2,27.75,S,Middle,Yes,female,0.9167,1,2,27.75
477,Middle,No,male,27,0,0,13,S,Middle,No,male,27,0,0,13
478,Middle,No,male,25,0,0,13,S,Middle,No,male,25,0,0,13
479,Lower,No,male,18,1,0,14.4542,C,Lower,No,male,18,1,0,14.4542
480,Middle,Yes,female,29,1,0,26,S,Middle,Yes,female,29,1,0,26
481,Middle,No,male,48,0,0,13,S,Middle,No,male,48,0,0,13
482,Upper,Yes,female,41,0,0,134.5,C,Upper,Yes,female,41,0,0,134.5
483,Middle,No,male,25,0,0,13,S,Middle,No,male,25,0,0,13
485,Lower,No,male,59,0,0,7.25,S,Lower,No,male,59,0,0,7.25
486,Middle,Yes,female,15,0,2,39,S,Middle,Yes,female,15,0,2,39
487,Lower,Yes,male,25,0,0,0,S,Lower,Yes,male,25,0,0,0
488,Middle,No,male,21,0,0,13,S,Middle,No,male,21,0,0,13
490,Middle,No,male,24,2,0,31.5,S,Middle,No,male,24,2,0,31.5
491,Lower,No,male,29,0,0,7.875,S,Lower,No,male,29,0,0,7.875
493,Lower,No,male,16,2,0,18,S,Lower,No,male,16,2,0,18
496,Upper,No,male,47,0,0,25.5875,S,Upper,No,male,47,0,0,25.5875
497,Lower,Yes,male,32,0,0,7.8542,S,Lower,Yes,male,32,0,0,7.8542
498,Lower,Yes,female,18,0,0,7.2292,C,Lower,Yes,female,18,0,0,7.2292
499,Upper,Yes,female,31,1,0,113.275,C,Upper,Yes,female,31,1,0,113.275
502,Upper,No,female,50,0,0,28.7125,C,Upper,No,female,50,0,0,28.7125
504,Upper,Yes,female,38,0,0,227.525,C,Upper,Yes,female,38,0,0,227.525
505,Middle,No,male,41,0,0,13,S,Middle,No,male,41,0,0,13
507,Middle,No,male,40,1,0,26,S,Middle,No,male,40,1,0,26
508,Lower,No,male,21,0,0,8.4333,S,Lower,No,male,21,0,0,8.4333
509,Upper,No,male,46,0,0,26,S,Upper,No,male,46,0,0,26
510,Lower,No,male,1,4,1,39.6875,S,Lower,No,male,1,4,1,39.6875
511,Lower,No,male,38,0,0,8.6625,S,Lower,No,male,38,0,0,8.6625
512,Upper,Yes,male,50,2,0,133.65,S,Upper,Yes,male,50,2,0,133.65
513,Middle,No,male,62,0,0,9.6875,Q,Middle,No,male,62,0,0,9.6875
515,Lower,No,male,26,0,0,7.8958,S,Lower,No,male,26,0,0,7.8958
516,Lower,No,male,13,4,2,31.3875,S,Lower,No,male,13,4,2,31.3875
517,Middle,Yes,female,55,0,0,16,S,Middle,Yes,female,55,0,0,16
518,Lower,Yes,male,3,4,2,31.3875,S,Lower,Yes,male,3,4,2,31.3875
519,Upper,Yes,female,35,1,0,83.475,S,Upper,Yes,female,35,1,0,83.475
520,Middle,Yes,female,34,1,1,32.5,S,Middle,Yes,female,34,1,1,32.5
521,Lower,No,male,22,0,0,7.7958,S,Lower,No,male,22,0,0,7.7958
522,Lower,No,male,30,0,0,7.25,S,Lower,No,male,30,0,0,7.25
523,Lower,No,male,20.5,0,0,7.25,S,Lower,No,male,20.5,0,0,7.25
524,Lower,No,female,24,0,0,7.75,Q,Lower,No,female,24,0,0,7.75
525,Lower,No,male,24,0,0,7.775,S,Lower,No,male,24,0,0,7.775
526,Lower,Yes,female,4,0,2,22.025,S,Lower,Yes,female,4,0,2,22.025
527,Lower,No,female,45,0,0,7.75,S,Lower,No,female,45,0,0,7.75
528,Middle,No,male,35,0,0,12.35,Q,Middle,No,male,35,0,0,12.35
529,Upper,Yes,female,30,0,0,106.425,C,Upper,Yes,female,30,0,0,106.425
530,Upper,No,male,40,0,0,27.7208,C,Upper,No,male,40,0,0,27.7208
531,Lower,Yes,male,26,0,0,7.775,S,Lower,Yes,male,26,0,0,7.775
532,Lower,No,male,18.5,0,0,7.2292,C,Lower,No,male,18.5,0,0,7.2292
534,Upper,Yes,female,47,1,1,52.5542,S,Upper,Yes,female,47,1,1,52.5542
535,Upper,No,male,56,0,0,30.6958,C,Upper,No,male,56,0,0,30.6958
537,Middle,No,male,17,0,0,73.5,S,Middle,No,male,17,0,0,73.5
539,Middle,No,male,44,1,0,26,S,Middle,No,male,44,1,0,26
540,Lower,No,male,44,0,0,8.05,S,Lower,No,male,44,0,0,8.05
541,Upper,Yes,male,25,1,0,91.0792,C,Upper,Yes,male,25,1,0,91.0792
542,Lower,Yes,male,20,1,0,7.925,S,Lower,Yes,male,20,1,0,7.925
543,Lower,No,male,16,1,3,34.375,S,Lower,No,male,16,1,3,34.375
545,Lower,Yes,female,24,0,3,19.2583,C,Lower,Yes,female,24,0,3,19.2583
546,Upper,No,male,37,0,1,29.7,C,Upper,No,male,37,0,1,29.7
548,Lower,No,female,11,4,2,31.275,S,Lower,No,female,11,4,2,31.275
549,Lower,No,male,22,0,0,8.05,S,Lower,No,male,22,0,0,8.05
550,Middle,No,male,35,0,0,10.5,S,Middle,No,male,35,0,0,10.5
551,Middle,Yes,female,8,0,2,26.25,S,Middle,Yes,female,8,0,2,26.25
553,Middle,Yes,female,31,0,0,21,S,Middle,Yes,female,31,0,0,21
554,Lower,No,female,43,1,6,46.9,S,Lower,No,female,43,1,6,46.9
556,Middle,No,male,29,1,0,27.7208,C,Middle,No,male,29,1,0,27.7208
557,Upper,Yes,male,0.9167,1,2,151.55,S,Upper,Yes,male,0.9167,1,2,151.55
558,Middle,No,male,31,0,0,10.5,S,Middle,No,male,31,0,0,10.5
559,Lower,No,male,33,1,1,20.525,S,Lower,No,male,33,1,1,20.525
560,Lower,No,male,24,0,0,9.5,S,Lower,No,male,24,0,0,9.5
561,Upper,No,male,18,1,0,108.9,C,Upper,No,male,18,1,0,108.9
562,Lower,Yes,male,19,0,0,8.05,S,Lower,Yes,male,19,0,0,8.05
563,Lower,No,female,32,1,1,15.5,Q,Lower,No,female,32,1,1,15.5
564,Lower,No,female,21,2,2,34.375,S,Lower,No,female,21,2,2,34.375
565,Lower,No,male,17,1,0,7.0542,S,Lower,No,male,17,1,0,7.0542
566,Middle,No,male,32,0,0,10.5,S,Middle,No,male,32,0,0,10.5
568,Upper,Yes,female,22,0,0,151.55,S,Upper,Yes,female,22,0,0,151.55
569,Middle,Yes,female,24,2,3,18.75,S,Middle,Yes,female,24,2,3,18.75
570,Lower,No,female,20,1,0,9.825,S,Lower,No,female,20,1,0,9.825
571,Lower,Yes,male,44,0,0,7.925,S,Lower,Yes,male,44,0,0,7.925
572,Upper,Yes,female,27,1,1,247.5208,C,Upper,Yes,female,27,1,1,247.5208
573,Upper,No,male,64,1,4,263,S,Upper,No,male,64,1,4,263
574,Upper,Yes,female,55,0,0,135.6333,C,Upper,Yes,female,55,0,0,135.6333
575,Upper,Yes,female,22,0,1,61.9792,C,Upper,Yes,female,22,0,1,61.9792
576,Lower,Yes,female,2,0,1,12.2875,S,Lower,Yes,female,2,0,1,12.2875
577,Lower,No,female,40,1,0,9.475,S,Lower,No,female,40,1,0,9.475
578,Middle,Yes,female,13,0,1,19.5,S,Middle,Yes,female,13,0,1,19.5
579,Lower,No,male,28,0,0,7.8958,S,Lower,No,male,28,0,0,7.8958
581,Lower,Yes,female,0.75,2,1,19.2583,C,Lower,Yes,female,0.75,2,1,19.2583
582,Lower,No,male,20,0,0,7.925,S,Lower,No,male,20,0,0,7.925
584,Lower,No,female,21,0,0,7.75,Q,Lower,No,female,21,0,0,7.75
585,Lower,Yes,male,32,0,0,7.925,S,Lower,Yes,male,32,0,0,7.925
586,Middle,Yes,female,32.5,0,0,13,S,Middle,Yes,female,32.5,0,0,13
588,Lower,No,male,21,0,0,8.6625,S,Lower,No,male,21,0,0,8.6625
589,Upper,No,male,62,0,0,26.55,S,Upper,No,male,62,0,0,26.55
590,Middle,Yes,female,33,0,2,26,S,Middle,Yes,female,33,0,2,26
591,Upper,Yes,female,48,0,0,25.9292,S,Upper,Yes,female,48,0,0,25.9292
592,Lower,No,male,16,1,1,20.25,S,Lower,No,male,16,1,1,20.25
593,Lower,Yes,male,25,0,0,9.5,S,Lower,Yes,male,25,0,0,9.5
595,Lower,No,male,23,1,0,13.9,S,Lower,No,male,23,1,0,13.9
596,Middle,No,male,26,0,0,10.5,S,Middle,No,male,26,0,0,10.5
598,Middle,Yes,male,1,0,2,37.0042,C,Middle,Yes,male,1,0,2,37.0042
599,Lower,Yes,female,1,1,1,11.1333,S,Lower,Yes,female,1,1,1,11.1333
600,Upper,Yes,female,31,0,0,134.5,C,Upper,Yes,female,31,0,0,134.5
602,Upper,Yes,male,45,0,0,26.55,S,Upper,Yes,male,45,0,0,26.55
603,Middle,Yes,female,21,0,1,21,S,Middle,Yes,female,21,0,1,21
604,Middle,No,male,25,0,0,13,S,Middle,No,male,25,0,0,13
605,Lower,Yes,female,23,0,0,7.8542,S,Lower,Yes,female,23,0,0,7.8542
606,Lower,No,female,17,0,0,14.4583,C,Lower,No,female,17,0,0,14.4583
607,Lower,Yes,male,6,0,1,12.475,S,Lower,Yes,male,6,0,1,12.475
608,Lower,No,female,30,0,0,8.6625,S,Lower,No,female,30,0,0,8.6625
609,Lower,No,male,28,2,0,7.925,S,Lower,No,male,28,2,0,7.925
611,Upper,Yes,male,52,0,0,30.5,S,Upper,Yes,male,52,0,0,30.5
612,Middle,No,male,63,1,0,26,S,Middle,No,male,63,1,0,26
613,Upper,Yes,male,35,0,0,512.3292,C,Upper,Yes,male,35,0,0,512.3292
614,Lower,No,male,18,0,0,7.775,S,Lower,No,male,18,0,0,7.775
616,Upper,Yes,female,16,0,0,86.5,S,Upper,Yes,female,16,0,0,86.5
617,Lower,No,male,20,0,0,7.225,C,Lower,No,male,20,0,0,7.225
619,Lower,No,male,24,0,0,8.6625,S,Lower,No,male,24,0,0,8.6625
623,Upper,Yes,female,33,1,0,90,Q,Upper,Yes,female,33,1,0,90
624,Upper,No,male,58,0,2,113.275,C,Upper,No,male,58,0,2,113.275
625,Middle,No,female,30,0,0,13,S,Middle,No,female,30,0,0,13
626,Lower,No,male,23,0,0,7.8542,S,Lower,No,male,23,0,0,7.8542
628,Lower,Yes,female,63,0,0,9.5875,S,Lower,Yes,female,63,0,0,9.5875
629,Lower,No,male,22,0,0,7.775,S,Lower,No,male,22,0,0,7.775
630,Upper,No,male,47,0,0,52,S,Upper,No,male,47,0,0,52
631,Middle,No,male,34,1,0,21,S,Middle,No,male,34,1,0,21
632,Upper,Yes,female,14,1,2,120,S,Upper,Yes,female,14,1,2,120
633,Lower,No,male,11.5,1,1,14.5,S,Lower,No,male,11.5,1,1,14.5
635,Upper,No,male,71,0,0,49.5042,C,Upper,No,male,71,0,0,49.5042
636,Lower,No,male,27,0,0,7.8958,S,Lower,No,male,27,0,0,7.8958
637,Lower,No,male,14,4,1,39.6875,S,Lower,No,male,14,4,1,39.6875
638,Upper,Yes,female,27,1,2,52,S,Upper,Yes,female,27,1,2,52
639,Lower,No,male,18,0,0,8.3,S,Lower,No,male,18,0,0,8.3
640,Upper,Yes,female,29,0,0,211.3375,S,Upper,Yes,female,29,0,0,211.3375
641,Lower,No,male,24,0,0,7.7958,S,Lower,No,male,24,0,0,7.7958
642,Lower,Yes,male,20,0,0,7.2292,C,Lower,Yes,male,20,0,0,7.2292
643,Lower,No,male,39,0,0,24.15,S,Lower,No,male,39,0,0,24.15
644,Lower,Yes,female,0.1667,1,2,20.575,S,Lower,Yes,female,0.1667,1,2,20.575
645,Lower,Yes,male,16,0,0,8.05,S,Lower,Yes,male,16,0,0,8.05
646,Middle,No,male,23,0,0,15.0458,C,Middle,No,male,23,0,0,15.0458
647,Lower,No,male,18,0,0,7.75,S,Lower,No,male,18,0,0,7.75
648,Upper,Yes,female,43,0,1,211.3375,S,Upper,Yes,female,43,0,1,211.3375
649,Upper,Yes,female,48,1,0,39.6,C,Upper,Yes,female,48,1,0,39.6
651,Middle,No,male,24,0,0,10.5,S,Middle,No,male,24,0,0,10.5
652,Lower,No,male,28,0,0,7.8542,S,Lower,No,male,28,0,0,7.8542
655,Lower,No,male,47,0,0,7.25,S,Lower,No,male,47,0,0,7.25
656,Middle,Yes,male,2,1,1,23,S,Middle,Yes,male,2,1,1,23
657,Middle,Yes,female,41,0,1,19.5,S,Middle,Yes,female,41,0,1,19.5
658,Middle,Yes,female,32,0,0,13,S,Middle,Yes,female,32,0,0,13
659,Upper,Yes,female,21,2,2,262.375,C,Upper,Yes,female,21,2,2,262.375
660,Lower,Yes,female,23,0,0,7.55,S,Lower,Yes,female,23,0,0,7.55
661,Lower,Yes,female,22,0,0,7.75,Q,Lower,Yes,female,22,0,0,7.75
662,Middle,Yes,female,34,0,1,23,S,Middle,Yes,female,34,0,1,23
663,Upper,Yes,female,17,1,0,108.9,C,Upper,Yes,female,17,1,0,108.9
664,Lower,No,male,26,0,0,7.775,S,Lower,No,male,26,0,0,7.775
665,Upper,Yes,female,22,1,0,66.6,S,Upper,Yes,female,22,1,0,66.6
666,Lower,Yes,female,5,2,1,19.2583,C,Lower,Yes,female,5,2,1,19.2583
668,Lower,No,male,61,0,0,6.2375,S,Lower,No,male,61,0,0,6.2375
669,Lower,No,male,22,0,0,8.05,S,Lower,No,male,22,0,0,8.05
670,Lower,Yes,male,26,0,0,56.4958,S,Lower,Yes,male,26,0,0,56.4958
671,Lower,No,male,40,1,4,27.9,S,Lower,No,male,40,1,4,27.9
673,Lower,Yes,female,27,0,2,11.1333,S,Lower,Yes,female,27,0,2,11.1333
675,Middle,Yes,male,31,0,0,13,S,Middle,Yes,male,31,0,0,13
676,Lower,No,male,24,1,0,16.1,S,Lower,No,male,24,1,0,16.1
677,Lower,No,male,33,0,0,7.8958,S,Lower,No,male,33,0,0,7.8958
678,Middle,Yes,female,24,0,0,13,S,Middle,Yes,female,24,0,0,13
679,Lower,Yes,male,29,3,1,22.025,S,Lower,Yes,male,29,3,1,22.025
681,Middle,No,male,19,0,0,10.5,S,Middle,No,male,19,0,0,10.5
682,Lower,No,female,22,0,0,9.8375,S,Lower,No,female,22,0,0,9.8375
683,Upper,Yes,female,45,0,1,59.4,C,Upper,Yes,female,45,0,1,59.4
684,Lower,No,male,32,0,0,8.3625,S,Lower,No,male,32,0,0,8.3625
685,Lower,No,male,22,0,0,7.25,S,Lower,No,male,22,0,0,7.25
687,Lower,No,male,32,0,0,7.8958,S,Lower,No,male,32,0,0,7.8958
688,Middle,No,male,24,2,0,73.5,S,Middle,No,male,24,2,0,73.5
690,Middle,No,male,34,1,0,26,S,Middle,No,male,34,1,0,26
691,Upper,Yes,female,54,1,0,59.4,C,Upper,Yes,female,54,1,0,59.4
692,Upper,Yes,female,21,0,0,26.55,S,Upper,Yes,female,21,0,0,26.55
695,Lower,Yes,male,21,0,0,7.7958,S,Lower,Yes,male,21,0,0,7.7958
696,Upper,No,male,30,0,0,27.75,C,Upper,No,male,30,0,0,27.75
697,Lower,No,male,19,0,0,7.8958,S,Lower,No,male,19,0,0,7.8958
699,Upper,Yes,female,45,0,0,262.375,C,Upper,Yes,female,45,0,0,262.375
700,Lower,No,male,49,0,0,0,S,Lower,No,male,49,0,0,0
701,Lower,No,male,26,1,2,20.575,S,Lower,No,male,26,1,2,20.575
703,Upper,No,male,70,1,1,71,S,Upper,No,male,70,1,1,71
704,Lower,Yes,female,22,0,0,8.9625,S,Lower,Yes,female,22,0,0,8.9625
705,Lower,Yes,female,31,1,1,20.525,S,Lower,Yes,female,31,1,1,20.525
706,Upper,Yes,female,30,0,0,93.5,S,Upper,Yes,female,30,0,0,93.5
707,Middle,Yes,male,0.8333,0,2,29,S,Middle,Yes,male,0.8333,0,2,29
709,Upper,Yes,female,47,1,0,61.175,S,Upper,Yes,female,47,1,0,61.175
714,Lower,Yes,male,29,0,0,7.75,Q,Lower,Yes,male,29,0,0,7.75
715,Lower,No,male,24,0,0,7.25,Q,Lower,No,male,24,0,0,7.25
716,Upper,No,male,25,0,0,26,C,Upper,No,male,25,0,0,26
717,Upper,Yes,female,39,0,0,108.9,C,Upper,Yes,female,39,0,0,108.9
718,Lower,No,male,19,0,0,8.05,S,Lower,No,male,19,0,0,8.05
719,Middle,No,male,50,0,0,13,S,Middle,No,male,50,0,0,13
720,Upper,Yes,female,39,1,1,110.8833,C,Upper,Yes,female,39,1,1,110.8833
721,Lower,No,male,40,1,1,15.5,Q,Lower,No,male,40,1,1,15.5
722,Lower,No,male,51,0,0,7.0542,S,Lower,No,male,51,0,0,7.0542
724,Upper,No,male,64,1,0,75.25,C,Upper,No,male,64,1,0,75.25
725,Upper,Yes,female,45,0,1,63.3583,C,Upper,Yes,female,45,0,1,63.3583
726,Middle,No,male,18,0,0,13,S,Middle,No,male,18,0,0,13
727,Lower,Yes,female,23,0,0,8.05,S,Lower,Yes,female,23,0,0,8.05
728,Lower,No,male,32,0,0,22.525,S,Lower,No,male,32,0,0,22.525
729,Lower,No,male,21,0,0,7.8,S,Lower,No,male,21,0,0,7.8
730,Lower,Yes,female,18,0,1,9.35,S,Lower,Yes,female,18,0,1,9.35
732,Upper,Yes,male,49,0,0,0,S,Upper,Yes,male,49,0,0,0
734,Upper,No,male,30,0,0,45.5,S,Upper,No,male,30,0,0,45.5
737,Lower,No,male,19,0,0,7.775,S,Lower,No,male,19,0,0,7.775
738,Upper,No,male,19,3,2,263,S,Upper,No,male,19,3,2,263
739,Upper,No,male,65,0,0,26.55,S,Upper,No,male,65,0,0,26.55
740,Lower,No,male,32,0,0,7.75,Q,Lower,No,male,32,0,0,7.75
741,Middle,No,male,27,0,0,13,S,Middle,No,male,27,0,0,13
742,Middle,Yes,female,19,0,0,26,S,Middle,Yes,female,19,0,0,26
743,Upper,Yes,male,28,0,0,26.55,S,Upper,Yes,male,28,0,0,26.55
744,Middle,No,male,34,1,0,21,S,Middle,No,male,34,1,0,21
746,Lower,No,male,20,0,0,9.8458,S,Lower,No,male,20,0,0,9.8458
747,Lower,No,female,25,0,0,7.775,S,Lower,No,female,25,0,0,7.775
748,Lower,No,male,8,4,1,29.125,Q,Lower,No,male,8,4,1,29.125
749,Lower,No,male,40,1,5,31.3875,S,Lower,No,male,40,1,5,31.3875
751,Middle,No,male,21,1,0,11.5,S,Middle,No,male,21,1,0,11.5
752,Lower,Yes,male,39,0,1,13.4167,C,Lower,Yes,male,39,0,1,13.4167
754,Lower,No,female,26,1,0,16.1,S,Lower,No,female,26,1,0,16.1
756,Lower,Yes,female,4,1,1,16.7,S,Lower,Yes,female,4,1,1,16.7
757,Lower,No,male,28,0,0,9.5,S,Lower,No,male,28,0,0,9.5
759,Middle,Yes,female,34,0,0,13,S,Middle,Yes,female,34,0,0,13
760,Upper,Yes,male,45,1,1,134.5,C,Upper,Yes,male,45,1,1,134.5
761,Upper,No,male,22,0,0,135.6333,C,Upper,No,male,22,0,0,135.6333
762,Lower,No,male,24.5,0,0,8.05,S,Lower,No,male,24.5,0,0,8.05
763,Lower,No,male,17,0,0,7.8958,S,Lower,No,male,17,0,0,7.8958
764,Lower,No,male,33,0,0,8.6625,C,Lower,No,male,33,0,0,8.6625
765,Lower,No,male,48,0,0,7.8542,S,Lower,No,male,48,0,0,7.8542
766,Upper,Yes,female,52,1,0,78.2667,C,Upper,Yes,female,52,1,0,78.2667
767,Lower,No,male,4,4,1,29.125,Q,Lower,No,male,4,4,1,29.125
769,Middle,No,male,28,0,1,33,S,Middle,No,male,28,0,1,33
770,Upper,No,male,50,1,1,211.5,C,Upper,No,male,50,1,1,211.5
771,Middle,Yes,female,36,0,0,13,S,Middle,Yes,female,36,0,0,13
772,Lower,Yes,male,3,1,1,15.9,S,Lower,Yes,male,3,1,1,15.9
773,Upper,No,male,45.5,0,0,28.5,S,Upper,No,male,45.5,0,0,28.5
774,Lower,No,female,22,2,0,8.6625,S,Lower,No,female,22,2,0,8.6625
775,Middle,No,male,21,0,0,73.5,S,Middle,No,male,21,0,0,73.5
776,Upper,Yes,male,6,0,2,134.5,C,Upper,Yes,male,6,0,2,134.5
777,Upper,Yes,female,36,0,0,262.375,C,Upper,Yes,female,36,0,0,262.375
778,Lower,No,male,28,0,0,56.4958,S,Lower,No,male,28,0,0,56.4958
779,Lower,No,female,37,0,0,7.75,Q,Lower,No,female,37,0,0,7.75
780,Lower,No,male,28,0,0,22.525,S,Lower,No,male,28,0,0,22.525
781,Lower,No,female,14,0,0,7.8542,S,Lower,No,female,14,0,0,7.8542
782,Lower,No,male,16,0,0,9.2167,S,Lower,No,male,16,0,0,9.2167
783,Middle,No,male,14,0,0,65,S,Middle,No,male,14,0,0,65
784,Lower,No,male,25,0,0,7.05,S,Lower,No,male,25,0,0,7.05
785,Lower,No,male,21,0,0,8.05,S,Lower,No,male,21,0,0,8.05
786,Lower,No,male,32,0,0,8.05,S,Lower,No,male,32,0,0,8.05
788,Upper,No,female,63,1,0,221.7792,S,Upper,No,female,63,1,0,221.7792
789,Upper,Yes,female,31,0,2,164.8667,S,Upper,Yes,female,31,0,2,164.8667
790,Upper,No,male,42,1,0,52,S,Upper,No,male,42,1,0,52
791,Upper,No,male,21,0,1,77.2875,S,Upper,No,male,21,0,1,77.2875
792,Middle,No,male,32,2,0,73.5,S,Middle,No,male,32,2,0,73.5
793,Lower,No,male,30,1,0,16.1,S,Lower,No,male,30,1,0,16.1
794,Middle,Yes,female,24,1,0,26,S,Middle,Yes,female,24,1,0,26
795,Lower,No,female,6,4,2,31.275,S,Lower,No,female,6,4,2,31.275
797,Lower,No,male,22,0,0,7.8958,S,Lower,No,male,22,0,0,7.8958
798,Middle,No,male,19,0,0,13,S,Middle,No,male,19,0,0,13
800,Middle,No,male,29,1,0,21,S,Middle,No,male,29,1,0,21
801,Lower,No,female,27,1,0,7.925,S,Lower,No,female,27,1,0,7.925
802,Upper,Yes,female,16,0,1,57.9792,C,Upper,Yes,female,16,0,1,57.9792
803,Lower,No,male,21,2,0,24.15,S,Lower,No,male,21,2,0,24.15
804,Lower,Yes,male,0.8333,0,1,9.35,S,Lower,Yes,male,0.8333,0,1,9.35
805,Lower,No,male,28,0,0,7.8958,S,Lower,No,male,28,0,0,7.8958
807,Upper,Yes,male,56,0,0,35.5,C,Upper,Yes,male,56,0,0,35.5
808,Middle,No,male,38,1,0,21,S,Middle,No,male,38,1,0,21
809,Lower,No,male,21,0,0,8.05,S,Lower,No,male,21,0,0,8.05
810,Middle,No,male,30,1,0,21,S,Middle,No,male,30,1,0,21
812,Upper,No,male,38,0,0,0,S,Upper,No,male,38,0,0,0
813,Lower,No,male,24,0,0,7.8958,S,Lower,No,male,24,0,0,7.8958
814,Lower,No,female,21,0,0,8.6625,S,Lower,No,female,21,0,0,8.6625
815,Lower,No,female,9,2,2,34.375,S,Lower,No,female,9,2,2,34.375
816,Upper,No,male,30,1,2,151.55,S,Upper,No,male,30,1,2,151.55
817,Lower,Yes,male,0.4167,0,1,8.5167,C,Lower,Yes,male,0.4167,0,1,8.5167
818,Lower,No,male,35,0,0,7.125,S,Lower,No,male,35,0,0,7.125
819,Middle,No,male,36,1,2,27.75,S,Middle,No,male,36,1,2,27.75
820,Upper,No,male,67,1,0,221.7792,S,Upper,No,male,67,1,0,221.7792
821,Lower,Yes,female,45,1,0,14.1083,S,Lower,Yes,female,45,1,0,14.1083
822,Middle,Yes,female,48,1,2,65,S,Middle,Yes,female,48,1,2,65
824,Lower,No,male,65,0,0,7.75,Q,Lower,No,male,65,0,0,7.75
825,Lower,No,female,30,1,1,24.15,S,Lower,No,female,30,1,1,24.15
827,Lower,Yes,female,27,0,1,12.475,S,Lower,Yes,female,27,0,1,12.475
828,Lower,No,male,32,1,0,15.85,S,Lower,No,male,32,1,0,15.85
829,Middle,Yes,female,31,0,0,21,S,Middle,Yes,female,31,0,0,21
830,Middle,Yes,female,25,1,1,30,S,Middle,Yes,female,25,1,1,30
831,Lower,No,male,43,0,0,8.05,S,Lower,No,male,43,0,0,8.05
832,Upper,Yes,female,33,0,0,27.7208,C,Upper,Yes,female,33,0,0,27.7208
833,Lower,No,male,17,0,0,8.6625,S,Lower,No,male,17,0,0,8.6625
835,Lower,Yes,female,33,3,0,15.85,S,Lower,Yes,female,33,3,0,15.85
836,Middle,Yes,female,29,1,0,26,S,Middle,Yes,female,29,1,0,26
837,Lower,No,male,25,0,0,7.7417,Q,Lower,No,male,25,0,0,7.7417
838,Lower,No,male,39,0,0,7.925,S,Lower,No,male,39,0,0,7.925
839,Upper,No,male,30,0,0,26,S,Upper,No,male,30,0,0,26
840,Lower,No,female,20,0,0,8.6625,S,Lower,No,female,20,0,0,8.6625
841,Upper,Yes,female,53,0,0,27.4458,C,Upper,Yes,female,53,0,0,27.4458
844,Upper,No,male,39,0,0,0,S,Upper,No,male,39,0,0,0
845,Upper,No,male,36,1,0,78.85,S,Upper,No,male,36,1,0,78.85
846,Upper,Yes,female,32,0,0,76.2917,C,Upper,Yes,female,32,0,0,76.2917
850,Lower,No,female,30,0,0,7.6292,Q,Lower,No,female,30,0,0,7.6292
852,Lower,No,male,20,0,0,7.8542,S,Lower,No,male,20,0,0,7.8542
854,Lower,Yes,male,18,0,0,8.05,S,Lower,Yes,male,18,0,0,8.05
855,Lower,Yes,male,9,1,1,15.9,S,Lower,Yes,male,9,1,1,15.9
856,Middle,Yes,female,4,2,1,39,S,Middle,Yes,female,4,2,1,39
857,Upper,Yes,female,58,0,1,153.4625,S,Upper,Yes,female,58,0,1,153.4625
858,Middle,Yes,female,50,0,0,10.5,S,Middle,Yes,female,50,0,0,10.5
859,Middle,No,male,30,0,0,13,S,Middle,No,male,30,0,0,13
860,Lower,No,male,21,0,0,7.8542,S,Lower,No,male,21,0,0,7.8542
861,Lower,No,male,22,0,0,7.8958,S,Lower,No,male,22,0,0,7.8958
862,Lower,No,male,4,3,2,27.9,S,Lower,No,male,4,3,2,27.9
863,Middle,Yes,male,19,0,0,10.5,S,Middle,Yes,male,19,0,0,10.5
865,Middle,Yes,female,18,0,2,13,S,Middle,Yes,female,18,0,2,13
867,Lower,No,male,20,0,0,7.8542,S,Lower,No,male,20,0,0,7.8542
868,Upper,Yes,female,35,0,0,135.6333,S,Upper,Yes,female,35,0,0,135.6333
869,Lower,Yes,female,30,0,0,6.95,Q,Lower,Yes,female,30,0,0,6.95
870,Lower,No,male,16,0,0,9.5,S,Lower,No,male,16,0,0,9.5
871,Lower,Yes,female,17,4,2,7.925,S,Lower,Yes,female,17,4,2,7.925
872,Upper,Yes,female,33,0,0,151.55,S,Upper,Yes,female,33,0,0,151.55
873,Lower,No,male,23.5,0,0,7.2292,C,Lower,No,male,23.5,0,0,7.2292
874,Upper,Yes,female,23,0,1,83.1583,C,Upper,Yes,female,23,0,1,83.1583
876,Lower,No,female,18.5,0,0,7.2833,Q,Lower,No,female,18.5,0,0,7.2833
877,Middle,No,male,18,0,0,10.5,S,Middle,No,male,18,0,0,10.5
878,Lower,No,male,25,0,0,7.25,S,Lower,No,male,25,0,0,7.25
879,Lower,No,male,25,0,0,7.925,S,Lower,No,male,25,0,0,7.925
880,Lower,Yes,female,19,1,1,15.7417,C,Lower,Yes,female,19,1,1,15.7417
881,Lower,No,male,20,0,0,7.8542,S,Lower,No,male,20,0,0,7.8542
882,Lower,Yes,female,9,1,1,15.2458,C,Lower,Yes,female,9,1,1,15.2458
884,Middle,Yes,male,32,1,0,26,S,Middle,Yes,male,32,1,0,26
887,Upper,Yes,female,55,2,0,25.7,S,Upper,Yes,female,55,2,0,25.7
888,Upper,Yes,female,51,0,1,39.4,S,Upper,Yes,female,51,0,1,39.4
891,Middle,No,male,42,0,0,13,S,Middle,No,male,42,0,0,13
892,Lower,Yes,male,7,1,1,15.2458,C,Lower,Yes,male,7,1,1,15.2458
893,Lower,No,male,23,0,0,9.225,S,Lower,No,male,23,0,0,9.225
894,Lower,Yes,female,5,4,2,31.3875,S,Lower,Yes,female,5,4,2,31.3875
896,Lower,No,male,33,0,0,7.8958,C,Lower,No,male,33,0,0,7.8958
898,Middle,Yes,female,17,0,0,10.5,S,Middle,Yes,female,17,0,0,10.5
899,Middle,Yes,female,20,1,0,26,S,Middle,Yes,female,20,1,0,26
900,Lower,No,female,29,0,0,7.925,S,Lower,No,female,29,0,0,7.925
901,Lower,No,male,50,0,0,8.05,S,Lower,No,male,50,0,0,8.05
902,Upper,Yes,female,25,1,0,55.4417,C,Upper,Yes,female,25,1,0,55.4417
903,Lower,No,male,11,0,0,18.7875,C,Lower,No,male,11,0,0,18.7875
905,Middle,No,male,35,0,0,26,S,Middle,No,male,35,0,0,26
906,Lower,No,male,6,1,1,15.2458,C,Lower,No,male,6,1,1,15.2458
907,Middle,No,male,43,0,1,21,S,Middle,No,male,43,0,1,21
908,Lower,No,male,18,0,0,7.75,S,Lower,No,male,18,0,0,7.75
909,Upper,Yes,female,26,1,0,136.7792,C,Upper,Yes,female,26,1,0,136.7792
910,Lower,Yes,male,30,0,0,9.5,S,Lower,Yes,male,30,0,0,9.5
911,Lower,Yes,female,18,0,0,9.8417,S,Lower,Yes,female,18,0,0,9.8417
912,Lower,Yes,male,4,1,1,11.1333,S,Lower,Yes,male,4,1,1,11.1333
913,Lower,No,male,41,2,0,14.1083,S,Lower,No,male,41,2,0,14.1083
914,Lower,No,male,31,0,0,7.75,Q,Lower,No,male,31,0,0,7.75
915,Upper,No,male,38,0,1,153.4625,S,Upper,No,male,38,0,1,153.4625
916,Upper,Yes,female,23,3,2,263,S,Upper,Yes,female,23,3,2,263
918,Middle,Yes,female,3,1,2,41.5792,C,Middle,Yes,female,3,1,2,41.5792
920,Upper,Yes,female,28,3,2,263,S,Upper,Yes,female,28,3,2,263
921,Lower,No,female,22,0,0,10.5167,S,Lower,No,female,22,0,0,10.5167
923,Upper,Yes,male,36,0,0,26.2875,S,Upper,Yes,male,36,0,0,26.2875
924,Middle,Yes,female,1,1,2,41.5792,C,Middle,Yes,female,1,1,2,41.5792
925,Upper,Yes,female,36,0,0,135.6333,C,Upper,Yes,female,36,0,0,135.6333
926,Lower,No,male,28,0,0,9.5,S,Lower,No,male,28,0,0,9.5
928,Lower,No,female,28,1,1,14.4,S,Lower,No,female,28,1,1,14.4
929,Upper,Yes,female,30,0,0,31,C,Upper,Yes,female,30,0,0,31
930,Lower,No,male,22,0,0,9,S,Lower,No,male,22,0,0,9
932,Middle,No,female,27,1,0,21,S,Middle,No,female,27,1,0,21
933,Lower,Yes,female,24,0,0,7.75,Q,Lower,Yes,female,24,0,0,7.75
935,Upper,No,male,46,1,0,61.175,S,Upper,No,male,46,1,0,61.175
936,Lower,No,male,25,0,0,7.8958,S,Lower,No,male,25,0,0,7.8958
937,Middle,No,male,27,1,0,26,S,Middle,No,male,27,1,0,26
938,Middle,No,female,57,0,0,10.5,S,Middle,No,female,57,0,0,10.5
940,Upper,Yes,female,51,1,0,77.9583,S,Upper,Yes,female,51,1,0,77.9583
941,Upper,Yes,male,49,1,0,89.1042,C,Upper,Yes,male,49,1,0,89.1042
942,Middle,Yes,female,36,0,3,39,S,Middle,Yes,female,36,0,3,39
943,Lower,No,male,20,0,0,8.6625,S,Lower,No,male,20,0,0,8.6625
944,Lower,No,male,27,0,0,7.8542,S,Lower,No,male,27,0,0,7.8542
945,Middle,No,male,40,0,0,16,S,Middle,No,male,40,0,0,16
946,Lower,No,male,28,0,0,22.525,S,Lower,No,male,28,0,0,22.525
948,Upper,No,male,42,0,0,26.55,S,Upper,No,male,42,0,0,26.55
949,Lower,No,female,17,0,0,7.7333,Q,Lower,No,female,17,0,0,7.7333
950,Upper,Yes,female,50,1,1,211.5,C,Upper,Yes,female,50,1,1,211.5
951,Lower,Yes,female,27,0,0,7.925,S,Lower,Yes,female,27,0,0,7.925
952,Lower,No,male,21,0,0,7.25,S,Lower,No,male,21,0,0,7.25
953,Lower,No,male,7,4,1,29.125,Q,Lower,No,male,7,4,1,29.125
954,Lower,No,female,16,5,2,46.9,S,Lower,No,female,16,5,2,46.9
955,Upper,No,male,64,0,0,26,S,Upper,No,male,64,0,0,26
956,Upper,Yes,female,38,1,0,71.2833,C,Upper,Yes,female,38,1,0,71.2833
958,Upper,No,male,57,1,0,146.5208,C,Upper,No,male,57,1,0,146.5208
959,Lower,Yes,female,45,0,0,7.225,C,Lower,Yes,female,45,0,0,7.225
960,Upper,No,male,45,0,0,26.55,S,Upper,No,male,45,0,0,26.55
961,Lower,No,male,19,0,0,7.8958,S,Lower,No,male,19,0,0,7.8958
962,Upper,No,male,28.5,0,0,27.7208,C,Upper,No,male,28.5,0,0,27.7208
963,Upper,No,male,36,0,0,75.2417,C,Upper,No,male,36,0,0,75.2417
964,Lower,No,female,41,0,5,39.6875,S,Lower,No,female,41,0,5,39.6875
965,Lower,No,female,9,1,1,15.2458,C,Lower,No,female,9,1,1,15.2458
966,Lower,No,male,2,4,1,29.125,Q,Lower,No,male,2,4,1,29.125
967,Middle,Yes,female,30,3,0,21,S,Middle,Yes,female,30,3,0,21
968,Lower,No,female,21,1,0,9.825,S,Lower,No,female,21,1,0,9.825
969,Lower,No,male,30.5,0,0,8.05,S,Lower,No,male,30.5,0,0,8.05
970,Lower,No,male,17,0,0,8.6625,S,Lower,No,male,17,0,0,8.6625
971,Middle,No,male,34,1,0,26,S,Middle,No,male,34,1,0,26
972,Lower,No,male,19,0,0,14.5,S,Lower,No,male,19,0,0,14.5
973,Lower,Yes,male,26,0,0,18.7875,C,Lower,Yes,male,26,0,0,18.7875
974,Middle,Yes,female,28,0,0,13,S,Middle,Yes,female,28,0,0,13
975,Upper,No,male,62,0,0,26.55,S,Upper,No,male,62,0,0,26.55
976,Upper,Yes,female,19,0,0,30,S,Upper,Yes,female,19,0,0,30
977,Lower,No,male,4,4,2,31.275,S,Lower,No,male,4,4,2,31.275
979,Lower,No,male,19,0,0,0,S,Lower,No,male,19,0,0,0
980,Lower,No,male,41,0,0,7.85,S,Lower,No,male,41,0,0,7.85
981,Lower,Yes,female,38,0,0,7.2292,C,Lower,Yes,female,38,0,0,7.2292
982,Middle,No,male,36.5,0,2,26,S,Middle,No,male,36.5,0,2,26
984,Upper,Yes,female,40,0,0,153.4625,S,Upper,Yes,female,40,0,0,153.4625
985,Lower,No,male,43,0,0,6.45,S,Lower,No,male,43,0,0,6.45
987,Middle,No,male,18.5,0,0,13,S,Middle,No,male,18.5,0,0,13
988,Upper,Yes,female,38,0,0,80,,Upper,Yes,female,38,0,0,80
989,Lower,No,male,6,3,1,21.075,S,Lower,No,male,6,3,1,21.075
990,Middle,No,male,30,1,1,26,S,Middle,No,male,30,1,1,26
994,Lower,No,male,22,0,0,7.7958,S,Lower,No,male,22,0,0,7.7958
995,Upper,Yes,female,37,1,0,90,Q,Upper,Yes,female,37,1,0,90
996,Lower,Yes,male,22,0,0,7.225,C,Lower,Yes,male,22,0,0,7.225
997,Upper,No,male,28,1,0,82.1708,C,Upper,No,male,28,1,0,82.1708
998,Middle,No,male,31,1,1,26.25,S,Middle,No,male,31,1,1,26.25
1000,Lower,Yes,female,36,0,2,15.9,S,Lower,Yes,female,36,0,2,15.9
1001,Upper,No,male,40,0,0,0,S,Upper,No,male,40,0,0,0
1002,Upper,Yes,female,39,0,0,211.3375,S,Upper,Yes,female,39,0,0,211.3375
1003,Lower,Yes,male,23,0,0,7.7958,S,Lower,Yes,male,23,0,0,7.7958
1005,Middle,No,male,39,0,0,26,S,Middle,No,male,39,0,0,26
1006,Middle,Yes,male,34,0,0,13,S,Middle,Yes,male,34,0,0,13
1008,Upper,Yes,male,30,1,0,57.75,C,Upper,Yes,male,30,1,0,57.75
1010,Middle,Yes,female,33,1,2,27.75,S,Middle,Yes,female,33,1,2,27.75
1011,Lower,Yes,female,18,0,0,7.4958,S,Lower,Yes,female,18,0,0,7.4958
1012,Upper,Yes,female,54,1,0,78.2667,C,Upper,Yes,female,54,1,0,78.2667
1013,Middle,No,male,36,0,0,12.875,C,Middle,No,male,36,0,0,12.875
1014,Middle,Yes,female,2,1,1,26,S,Middle,Yes,female,2,1,1,26
1015,Lower,No,male,24,0,0,7.8542,S,Lower,No,male,24,0,0,7.8542
1016,Middle,Yes,male,0.6667,1,1,14.5,S,Middle,Yes,male,0.6667,1,1,14.5
1017,Middle,Yes,female,27,0,0,10.5,S,Middle,Yes,female,27,0,0,10.5
1018,Lower,No,male,27,0,0,8.6625,S,Lower,No,male,27,0,0,8.6625
1019,Lower,No,female,18,0,0,6.75,Q,Lower,No,female,18,0,0,6.75
1022,Lower,No,male,17,1,1,7.2292,C,Lower,No,male,17,1,1,7.2292
1023,Upper,Yes,female,63,1,0,77.9583,S,Upper,Yes,female,63,1,0,77.9583
1024,Middle,Yes,female,12,2,1,39,S,Middle,Yes,female,12,2,1,39
1025,Lower,No,male,23,0,0,7.8958,S,Lower,No,male,23,0,0,7.8958
1027,Lower,No,male,28,0,0,7.7958,S,Lower,No,male,28,0,0,7.7958
1031,Lower,No,male,20,0,0,9.225,S,Lower,No,male,20,0,0,9.225
1033,Lower,No,male,55.5,0,0,8.05,S,Lower,No,male,55.5,0,0,8.05
1034,Upper,Yes,male,43,1,0,27.7208,C,Upper,Yes,male,43,1,0,27.7208
1035,Upper,No,male,47,0,0,42.4,S,Upper,No,male,47,0,0,42.4
1037,Middle,No,male,28,0,0,10.5,S,Middle,No,male,28,0,0,10.5
1038,Middle,No,male,19,0,0,10.5,S,Middle,No,male,19,0,0,10.5
1039,Middle,No,male,19,1,1,36.75,S,Middle,No,male,19,1,1,36.75
1040,Upper,Yes,female,55,0,0,27.7208,C,Upper,Yes,female,55,0,0,27.7208
1041,Upper,Yes,female,45,1,1,164.8667,S,Upper,Yes,female,45,1,1,164.8667
1044,Lower,No,male,24,0,0,8.05,S,Lower,No,male,24,0,0,8.05
1045,Upper,Yes,male,38,1,0,90,S,Upper,Yes,male,38,1,0,90
1046,Upper,Yes,female,60,1,0,75.25,C,Upper,Yes,female,60,1,0,75.25
1048,Lower,No,male,25,1,0,7.775,S,Lower,No,male,25,1,0,7.775
1049,Lower,Yes,male,32,0,0,7.775,S,Lower,Yes,male,32,0,0,7.775
1050,Upper,Yes,female,56,0,1,83.1583,C,Upper,Yes,female,56,0,1,83.1583
1052,Lower,Yes,male,32,0,0,7.5792,S,Lower,Yes,male,32,0,0,7.5792
1053,Lower,No,female,10,5,2,46.9,S,Lower,No,female,10,5,2,46.9
1055,Upper,Yes,female,36,0,2,71,S,Upper,Yes,female,36,0,2,71
1056,Upper,Yes,male,17,0,2,110.8833,C,Upper,Yes,male,17,0,2,110.8833
